"parameter","subject_id","true_value","recovered_value","parameter_type","error","relative_error"
"con",1,-0.392004,0.07695235,"group",0.46895635,1.19630501219375
"gain",1,5.339495,4.21427,"group",-1.125225,-0.210736221309318
"loss",1,1.66274,2.13149,"group",0.46875,0.281914189831243
"mag",1,0.2157205,0.1842755,"group",-0.031445,-0.145767323921463
"decay",1,0.126329,0.08663755,"group",-0.03969145,-0.314191120012032
"con",2,-0.4517635,0.2570715,"group",0.708835,1.56903999548436
"gain",2,4.82099,2.814505,"group",-2.006485,-0.416197710428771
"loss",2,1.59501,3.351425,"group",1.756415,1.10119372292337
"mag",2,0.1949525,0.1996675,"group",0.004715,0.0241853784896321
"decay",2,0.07555825,0.5850985,"group",0.50954025,6.74367458219321
"con",3,0.5350575,0.3769345,"group",-0.158123,-0.295525247286507
"gain",3,5.431905,4.595585,"group",-0.836320000000001,-0.153964401071079
"loss",3,1.47915,2.04237,"group",0.56322,0.380772741101308
"mag",3,0.212005,0.181428,"group",-0.030577,-0.144227730478055
"decay",3,0.6540275,0.568492,"group",-0.0855355,-0.130782727026004
"con",4,-1.983205,-1.104775,"group",0.87843,0.442934542823359
"gain",4,2.161295,1.867175,"group",-0.29412,-0.136085078621845
"loss",4,4.98402,4.213765,"group",-0.770255,-0.154544925582161
"mag",4,0.2517575,0.210615,"group",-0.0411425,-0.163421149320278
"decay",4,0.5992585,0.4823075,"group",-0.116951,-0.195159517970959
"con",5,-0.1594585,-0.615334,"group",-0.4558755,-2.85889745607791
"gain",5,2.76549,2.403965,"group",-0.361525,-0.130727285218894
"loss",5,4.23336,3.828395,"group",-0.404964999999999,-0.0956604210367177
"mag",5,0.235059,0.1954595,"group",-0.0395995,-0.168466214865204
"decay",5,0.4739855,0.5560465,"group",0.0820610000000001,0.173129768737651
"con",6,-0.691037,0.0564922,"group",0.7475292,1.08174989182924
"gain",6,5.454435,4.38036,"group",-1.074075,-0.196917737584186
"loss",6,1.597995,1.749705,"group",0.15171,0.0949377188289075
"mag",6,0.2271935,0.177004,"group",-0.0501895,-0.220910809508195
"decay",6,0.07327675,0.190359,"group",0.11708225,1.59780899125575
"con",7,-1.60062,-0.514324,"group",1.086296,0.678672014594345
"gain",7,5.633625,2.80819,"group",-2.825435,-0.501530542057734
"loss",7,3.37336,3.998465,"group",0.625105,0.185306341451846
"mag",7,0.30714,0.2125395,"group",-0.0946005,-0.308004493065052
"decay",7,0.3192715,0.359468,"group",0.0401965,0.125900683274267
"con",8,-0.533343,0.1947765,"group",0.7281195,1.36519931826236
"gain",8,3.29127,3.483095,"group",0.191825,0.0582829728341947
"loss",8,3.694095,3.106815,"group",-0.58728,-0.158978044690242
"mag",8,0.207909,0.1825665,"group",-0.0253425,-0.121892270175894
"decay",8,0.1287235,0.464734,"group",0.3360105,2.61032756256628
"con",9,-1.04693,-0.9571765,"group",0.0897535000000002,0.0857301825336939
"gain",9,4.32148,1.812085,"group",-2.509395,-0.580679535714616
"loss",9,3.453275,4.433975,"group",0.980700000000001,0.283991283636548
"mag",9,0.263617,0.2004165,"group",-0.0632005,-0.239743643240003
"decay",9,0.720677,0.503953,"group",-0.216724,-0.300722792596406
"con",10,-0.634398,-0.7602125,"group",-0.1258145,-0.19832108550153
"gain",10,1.655975,2.106725,"group",0.45075,0.272196138226724
"loss",10,4.927435,4.312015,"group",-0.615419999999999,-0.124896624714481
"mag",10,0.2254045,0.1951415,"group",-0.030263,-0.134260851047783
"decay",10,0.6248,0.5116875,"group",-0.1131125,-0.181037932138284
"con",11,-0.5436235,-0.4606885,"group",0.082935,0.152559629964488
"gain",11,3.69627,2.06731,"group",-1.62896,-0.440703736469468
"loss",11,3.00661,4.417475,"group",1.410865,0.469254409451176
"mag",11,0.2295365,0.204067,"group",-0.0254695,-0.110960566184463
"decay",11,0.4754475,0.5611125,"group",0.085665,0.180177622134936
"con",12,-1.656855,-0.183817,"group",1.473038,0.889056676655471
"gain",12,2.24335,2.29229,"group",0.0489399999999995,0.0218155882942918
"loss",12,4.82034,4.413085,"group",-0.407254999999999,-0.0844867789409044
"mag",12,0.266154,0.199771,"group",-0.066383,-0.249415751782803
"decay",12,0.682964,0.419373,"group",-0.263591,-0.385951528923926
"con",13,-2.33639,-1.070965,"group",1.265425,0.541615483716332
"gain",13,2.137715,1.96151,"group",-0.176205,-0.0824267968368094
"loss",13,4.91641,4.136415,"group",-0.779995,-0.158651332984841
"mag",13,0.2605925,0.1965085,"group",-0.064084,-0.245916517167608
"decay",13,0.5761685,0.584748,"group",0.00857949999999996,0.0148906092575348
"con",14,-2.41269,-0.6506275,"group",1.7620625,0.730331082733381
"gain",14,4.385805,1.55708,"group",-2.828725,-0.644972815708861
"loss",14,4.65921,4.97877,"group",0.319560000000001,0.0685867346610264
"mag",14,0.4610135,0.233825,"group",-0.2271885,-0.492802271516995
"decay",14,0.56955,0.55179,"group",-0.01776,-0.0311825125098762
"con",15,0.0178745,0.166181,"group",0.1483065,8.29709921955859
"gain",15,4.68596,4.128645,"group",-0.557314999999999,-0.118932940101921
"loss",15,2.83886,3.39001,"group",0.55115,0.194144832784991
"mag",15,0.195878,0.192066,"group",-0.00381199999999998,-0.0194610931293968
"decay",15,0.2573365,0.3263675,"group",0.0690310000000001,0.268251880320126
"con",16,-0.98512,0.09930425,"group",1.08442425,1.10080421674517
"gain",16,4.559375,3.508335,"group",-1.05104,-0.230522823851953
"loss",16,4.75073,3.46181,"group",-1.28892,-0.271309882902207
"mag",16,0.3019675,0.187042,"group",-0.1149255,-0.380588970667373
"decay",16,0.055901,0.119928,"group",0.064027,1.14536412586537
"con",17,-0.2080815,0.1792665,"group",0.387348,1.86152060610866
"gain",17,3.67657,4.30959,"group",0.63302,0.172176784339752
"loss",17,3.89511,2.110955,"group",-1.784155,-0.458049965212792
"mag",17,0.2361605,0.1700775,"group",-0.066083,-0.279822408912583
"decay",17,0.2254355,0.1218725,"group",-0.103563,-0.459390823539327
"con",18,-0.343675,1.685945,"group",2.02962,5.9056375936568
"gain",18,7.04949,6.09692,"group",-0.95257,-0.135126087135381
"loss",18,0.690372,0.5812235,"group",-0.1091485,-0.158100994825978
"mag",18,0.514194,0.1850545,"group",-0.3291395,-0.640107624748636
"decay",18,0.317474,0.2832935,"group",-0.0341805,-0.107663934684415
"con",19,-1.32693,-0.75173,"group",0.5752,0.43348179632686
"gain",19,4.189895,2.284045,"group",-1.90585,-0.454868200754434
"loss",19,4.392555,4.02879,"group",-0.363765,-0.0828139886694646
"mag",19,0.292923,0.1939,"group",-0.099023,-0.338051296757168
"decay",19,0.5725585,0.4685315,"group",-0.104027,-0.181687984721212
"con",20,-0.4156745,0.109241,"group",0.5249155,1.26280418933565
"gain",20,4.13148,3.27136,"group",-0.86012,-0.208186896705297
"loss",20,2.9572,3.22856,"group",0.27136,0.0917624780197483
"mag",20,0.2177,0.1703915,"group",-0.0473085,-0.217310519062931
"decay",20,0.1507255,0.293536,"group",0.1428105,0.947487319663892
"con",21,-2.640165,-0.259377,"group",2.380788,0.901757276533853
"gain",21,2.113435,2.01285,"group",-0.100585,-0.0475931362923391
"loss",21,4.918015,4.728385,"group",-0.18963,-0.0385582394522994
"mag",21,0.255847,0.215174,"group",-0.040673,-0.158973918005683
"decay",21,0.539474,0.573622,"group",0.0341480000000001,0.0632986946544228
"con",22,-0.002317755,-0.241055,"group",-0.238737245,-103.003658712849
"gain",22,3.691075,2.89494,"group",-0.796135,-0.215691905474692
"loss",22,2.932265,3.367165,"group",0.4349,0.148315380772202
"mag",22,0.2022975,0.219845,"group",0.0175475,0.086741062049704
"decay",22,0.155425,0.4709675,"group",0.3155425,2.03019141064822
"con",23,-0.4530085,0.173513,"group",0.6265215,1.383023718098
"gain",23,5.76972,4.293595,"group",-1.476125,-0.255839971437089
"loss",23,2.2013,2.42173,"group",0.22043,0.100136283105438
"mag",23,0.306038,0.1908075,"group",-0.1152305,-0.376523503617198
"decay",23,0.2695465,0.254609,"group",-0.0149375,-0.0554171543685414
"con",24,-0.715961,-1.22174,"group",-0.505779,-0.706433730328887
"gain",24,1.31438,1.66009,"group",0.34571,0.263021348468479
"loss",24,5.33131,4.514905,"group",-0.816405,-0.153134032723664
"mag",24,0.2389415,0.1937,"group",-0.0452415,-0.189341324131639
"decay",24,0.615759,0.494451,"group",-0.121308,-0.197005646689695
"con",25,-2.27698,-0.3795455,"group",1.8974345,0.833311886797425
"gain",25,2.64799,1.161235,"group",-1.486755,-0.56146548891801
"loss",25,4.86792,5.383705,"group",0.515785,0.105955931896991
"mag",25,0.2702385,0.22933,"group",-0.0409085000000001,-0.151379244630207
"decay",25,0.7534305,0.5793625,"group",-0.174068,-0.231033917527894
"con",26,0.0834905,0.2410145,"group",0.157524,1.88672962792174
"gain",26,4.50976,4.00626,"group",-0.503500000000001,-0.111646739516072
"loss",26,2.06246,2.288425,"group",0.225965,0.109560912696489
"mag",26,0.2114085,0.1742305,"group",-0.037178,-0.17585858657528
"decay",26,0.2081555,0.223687,"group",0.0155315,0.0746148912711891
"con",27,-0.563298,0.189349,"group",0.752647,1.33614356876822
"gain",27,5.318565,4.46979,"group",-0.848775,-0.159587219484955
"loss",27,1.42885,1.69744,"group",0.26859,0.187976344612801
"mag",27,0.1934175,0.18009,"group",-0.0133275,-0.0689053472410717
"decay",27,0.06214055,0.111877,"group",0.04973645,0.800386382161085
"con",28,-0.4032875,-0.1605095,"group",0.242778,0.601997334407836
"gain",28,3.745475,2.2625,"group",-1.482975,-0.395937764902983
"loss",28,4.01105,4.21546,"group",0.20441,0.0509617182533252
"mag",28,0.272158,0.1978175,"group",-0.0743405,-0.273151992592538
"decay",28,0.402029,0.320372,"group",-0.081657,-0.203112213298046
"con",29,0.0107043,0.3748895,"group",0.3641852,34.0223274758742
"gain",29,5.213955,3.454475,"group",-1.75948,-0.337455923574331
"loss",29,1.633745,3.100215,"group",1.46647,0.897612540512748
"mag",29,0.186142,0.1893465,"group",0.0032045,0.0172153517207293
"decay",29,0.233749,0.327133,"group",0.093384,0.399505452429743
"con",30,0.0214328,-0.1551055,"group",-0.1765383,-8.23682859915643
"gain",30,3.525975,2.3647,"group",-1.161275,-0.32934861988528
"loss",30,2.042155,4.132995,"group",2.09084,1.02384001214403
"mag",30,0.2021105,0.1904215,"group",-0.011689,-0.0578346993352645
"decay",30,0.256268,0.4554655,"group",0.1991975,0.777301496870464
"con",31,0.8838995,3.2435,"group",2.3596005,2.66953482833738
"gain",31,7.167105,4.51916,"group",-2.647945,-0.369458100585941
"loss",31,0.9204155,1.249655,"group",0.3292395,0.357707470158857
"mag",31,0.6675895,0.1848925,"group",-0.482697,-0.723044625477183
"decay",31,0.0537676,0.0701337,"group",0.0163661,0.304385912705793
"con",32,-0.6565105,-0.198783,"group",0.4577275,0.697212763543005
"gain",32,4.00192,2.74089,"group",-1.26103,-0.31510624900048
"loss",32,3.94303,3.597755,"group",-0.345275,-0.0875659074366667
"mag",32,0.2375165,0.2158085,"group",-0.021708,-0.0913957556632908
"decay",32,0.444538,0.467507,"group",0.022969,0.0516693735968579
"con",33,-1.25827,0.00833025,"group",1.26660025,1.00662039943732
"gain",33,5.982115,3.821685,"group",-2.16043,-0.361148189227389
"loss",33,3.206935,3.02654,"group",-0.180395,-0.0562515298875719
"mag",33,0.4115425,0.1801,"group",-0.2314425,-0.562378126195958
"decay",33,0.232685,0.183584,"group",-0.049101,-0.211019189032383
"con",34,-1.265285,-0.615103,"group",0.650182,0.513862094310768
"gain",34,3.557775,1.96009,"group",-1.597685,-0.449068589216575
"loss",34,4.4544,4.68139,"group",0.226990000000001,0.0509586027298852
"mag",34,0.295913,0.2267645,"group",-0.0691485,-0.233678479823462
"decay",34,0.280967,0.5037815,"group",0.2228145,0.793027295020412
"con",35,-0.0626922,0.829764,"group",0.8924562,14.2355221223693
"gain",35,5.1498,4.234755,"group",-0.915045000000001,-0.177685541186066
"loss",35,1.15719,2.11524,"group",0.95805,0.827910714748659
"mag",35,0.252521,0.1477655,"group",-0.1047555,-0.414838765884817
"decay",35,0.1178585,0.1714955,"group",0.053637,0.455096577675772
"con",36,-0.1424945,0.899924,"group",1.0424185,7.31549989648723
"gain",36,6.139195,4.312295,"group",-1.8269,-0.297579731544608
"loss",36,0.7709305,1.753905,"group",0.9829745,1.27504943701151
"mag",36,0.312721,0.228821,"group",-0.0839,-0.268290265124504
"decay",36,0.1445125,0.0952879,"group",-0.0492246,-0.340625205432056
"con",37,-0.526563,-0.9532635,"group",-0.4267005,-0.810350328450727
"gain",37,2.107925,1.776315,"group",-0.33161,-0.157315843780021
"loss",37,4.373455,4.466845,"group",0.0933900000000003,0.0213538266656454
"mag",37,0.2027295,0.20786,"group",0.00513049999999998,0.0253071210652617
"decay",37,0.4818905,0.530433,"group",0.0485425,0.100733465382696
"con",38,-0.4985885,0.239575,"group",0.7381635,1.48050646976414
"gain",38,5.901695,4.71631,"group",-1.185385,-0.200855008603461
"loss",38,2.29265,2.004945,"group",-0.287705,-0.125490153316032
"mag",38,0.192248,0.205513,"group",0.013265,0.0689994174191669
"decay",38,0.120666,0.1382245,"group",0.0175585,0.145513234879751
"con",39,-0.965434,-0.0642532,"group",0.9011808,0.933446304977865
"gain",39,5.931555,4.60611,"group",-1.325445,-0.223456580947155
"loss",39,1.736795,1.70317,"group",-0.0336249999999998,-0.0193603735616465
"mag",39,0.2268235,0.160416,"group",-0.0664075,-0.29277169252745
"decay",39,0.0814191,0.0949147,"group",0.0134956,0.165754718487431
"con",40,-0.2123385,-0.6133,"group",-0.4009615,-1.88831276476004
"gain",40,3.54813,2.003835,"group",-1.544295,-0.43524194434815
"loss",40,2.932285,4.628565,"group",1.69628,0.578484015025824
"mag",40,0.1987585,0.203476,"group",0.00471749999999999,0.0237348339819428
"decay",40,0.2787925,0.4780715,"group",0.199279,0.714793260220415
"con",41,-1.287295,-0.3499055,"group",0.9373895,0.728185458655553
"gain",41,5.671355,2.41016,"group",-3.261195,-0.57502924786052
"loss",41,1.853715,3.91483,"group",2.061115,1.11188343407698
"mag",41,0.3087555,0.2132295,"group",-0.0955259999999999,-0.309390440008356
"decay",41,0.139006,0.491677,"group",0.352671,2.53709192408961
"con",42,-2.08476,-0.5030285,"group",1.5817315,0.758711554327596
"gain",42,5.74643,1.989485,"group",-3.756945,-0.653787655988153
"loss",42,2.193765,4.17458,"group",1.980815,0.902929438659109
"mag",42,0.3211925,0.203771,"group",-0.1174215,-0.365579831409513
"decay",42,0.4221475,0.5793745,"group",0.157227,0.37244564992094
"con",43,-0.4714555,1.400055,"group",1.8715105,3.96964400669841
"gain",43,6.12277,5.161065,"group",-0.961705,-0.157070247616683
"loss",43,1.45874,1.070165,"group",-0.388575,-0.266377147401182
"mag",43,0.2473565,0.1552875,"group",-0.092069,-0.372211767226654
"decay",43,0.05139685,0.1167535,"group",0.06535665,1.27160808493128
"con",44,-1.49137,-0.8207745,"group",0.6705955,0.449650656778667
"gain",44,2.8783,1.911555,"group",-0.966745,-0.335873605947956
"loss",44,4.855185,4.389025,"group",-0.46616,-0.0960128192849501
"mag",44,0.2996635,0.2016715,"group",-0.097992,-0.327006792619054
"decay",44,0.754641,0.567161,"group",-0.18748,-0.248436011295437
"con",45,-0.806169,0.07813565,"group",0.88430465,1.09692217140575
"gain",45,4.853085,3.699655,"group",-1.15343,-0.237669441190501
"loss",45,4.04188,3.389035,"group",-0.652845,-0.161520134194979
"mag",45,0.247656,0.1795375,"group",-0.0681185,-0.27505289595245
"decay",45,0.112685,0.185425,"group",0.07274,0.645516262146692
"con",46,-0.827666,0.609751,"group",1.437417,1.73671142707324
"gain",46,6.143995,4.62253,"group",-1.521465,-0.247634478869205
"loss",46,2.04936,2.245185,"group",0.195825,0.0955542218058321
"mag",46,0.552541,0.1796185,"group",-0.3729225,-0.674922765912394
"decay",46,0.279772,0.390186,"group",0.110414,0.394657077906295
"con",47,-1.280565,-0.464881,"group",0.815684,0.636971961595077
"gain",47,5.28007,2.382465,"group",-2.897605,-0.548781550244599
"loss",47,3.07948,3.900425,"group",0.820945,0.266585592372738
"mag",47,0.3177055,0.196933,"group",-0.1207725,-0.380139783541676
"decay",47,0.227866,0.527484,"group",0.299618,1.31488681944652
"con",48,-1.597385,-0.8032845,"group",0.7941005,0.497125301664909
"gain",48,3.283525,1.642115,"group",-1.64141,-0.499892645860775
"loss",48,4.56518,4.516805,"group",-0.0483750000000001,-0.0105965153619354
"mag",48,0.2706,0.2022505,"group",-0.0683495,-0.252584996304509
"decay",48,0.262788,0.5980255,"group",0.3352375,1.27569561776032
"con",49,-0.284304,0.4770255,"group",0.7613295,2.67787122235354
"gain",49,5.64289,4.504835,"group",-1.138055,-0.201679458575304
"loss",49,2.1033,1.990595,"group",-0.112705,-0.0535848428659725
"mag",49,0.3006275,0.158126,"group",-0.1425015,-0.474013521717075
"decay",49,0.0996179,0.09902275,"group",-0.000595150000000003,-0.00597432790693242
"con",50,-0.3715535,-0.0440095,"group",0.327544,0.881552723901134
"gain",50,4.65299,4.11606,"group",-0.53693,-0.115394617224623
"loss",50,2.7681,2.26418,"group",-0.50392,-0.182045446335031
"mag",50,0.1874015,0.162419,"group",-0.0249825,-0.133310032203584
"decay",50,0.08894225,0.0566683,"group",-0.03227395,-0.362864105641582
"con",51,-0.4741405,0.2604865,"group",0.734627,1.5493867324137
"gain",51,4.951535,4.28822,"group",-0.663315,-0.133961488710067
"loss",51,1.81449,2.161325,"group",0.346835,0.191147374744419
"mag",51,0.2435165,0.163145,"group",-0.0803715,-0.330045397334472
"decay",51,0.0506136,0.09018905,"group",0.03957545,0.78191335925522
"con",52,-1.584265,-0.6733085,"group",0.9109565,0.575002603731068
"gain",52,2.18204,1.827515,"group",-0.354525,-0.162474106799142
"loss",52,4.815535,4.58892,"group",-0.226615000000001,-0.0470591533443326
"mag",52,0.244607,0.2163055,"group",-0.0283015,-0.115701921858328
"decay",52,0.528636,0.589661,"group",0.061025,0.115438600473672
"con",53,-1.106645,-0.6448535,"group",0.4617915,0.417289645731016
"gain",53,5.419535,1.52409,"group",-3.895445,-0.718778456085254
"loss",53,2.59393,5.21783,"group",2.6239,1.01155389698257
"mag",53,0.2797635,0.256482,"group",-0.0232815,-0.0832185042008697
"decay",53,0.7500025,0.470461,"group",-0.2795415,-0.372720757597475
"con",54,-2.496995,-0.693317,"group",1.803678,0.72233945202133
"gain",54,3.679605,1.38465,"group",-2.294955,-0.623696021719723
"loss",54,4.9798,5.198765,"group",0.218965,0.0439706413912205
"mag",54,0.3694395,0.2311275,"group",-0.138312,-0.37438335640883
"decay",54,0.6786205,0.592919,"group",-0.0857015,-0.126287814765395
"con",55,-1.96056,-0.169712,"group",1.790848,0.913436977190191
"gain",55,5.267185,1.71285,"group",-3.554335,-0.674807321178201
"loss",55,4.983845,4.82433,"group",-0.159515000000001,-0.0320064127194968
"mag",55,0.3985725,0.2131945,"group",-0.185378,-0.465104842908128
"decay",55,0.212243,0.5143945,"group",0.3021515,1.42361114383042
"con",56,-0.891619,0.09982175,"group",0.99144075,1.111955611085
"gain",56,6.523475,4.863595,"group",-1.65988,-0.254447207968146
"loss",56,1.017495,1.65774,"group",0.640245,0.629236507304704
"mag",56,0.368439,0.1822105,"group",-0.1862285,-0.50545273437394
"decay",56,0.1727295,0.2324215,"group",0.059692,0.345580806984331
"con",57,-3.19925,-0.6702695,"group",2.5289805,0.79049167773697
"gain",57,5.216725,1.749025,"group",-3.4677,-0.664727391227255
"loss",57,5.006555,4.544025,"group",-0.46253,-0.0923848834178392
"mag",57,0.63822,0.2041175,"group",-0.4341025,-0.680176898248253
"decay",57,0.37066,0.41908,"group",0.04842,0.130631845896509
"con",58,0.125021,0.234372,"group",0.109351,0.874661056942434
"gain",58,2.275395,2.79392,"group",0.518525,0.227883510335568
"loss",58,4.648675,4.03129,"group",-0.617385,-0.132808811112844
"mag",58,0.2436325,0.2037585,"group",-0.039874,-0.163664535724914
"decay",58,0.595979,0.737028,"group",0.141049,0.236667734936969
"con",59,0.25826,-0.145272,"group",-0.403532,-1.56250290405018
"gain",59,3.964075,2.027655,"group",-1.93642,-0.488492271210812
"loss",59,1.89508,4.918665,"group",3.023585,1.59549201089136
"mag",59,0.203411,0.1949585,"group",-0.0084525,-0.0415537999419894
"decay",59,0.189078,0.2914315,"group",0.1023535,0.541329504225769
"con",60,-2.90653,-1.234355,"group",1.672175,0.575316614657341
"gain",60,2.61137,2.29508,"group",-0.31629,-0.121120331473518
"loss",60,5.01017,3.49808,"group",-1.51209,-0.301804130398769
"mag",60,0.288003,0.1825025,"group",-0.1055005,-0.366317364749673
"decay",60,0.6043045,0.5986525,"group",-0.00565199999999999,-0.00935290073133659
"con",61,1.215505,1.149905,"group",-0.0656000000000001,-0.0539693378472323
"gain",61,4.47624,4.52324,"group",0.0469999999999997,0.0104998838310724
"loss",61,1.053165,1.205295,"group",0.15213,0.144450299810571
"mag",61,0.1666965,0.1610955,"group",-0.00560099999999999,-0.0335999856025771
"decay",61,0.0630456,0.09698975,"group",0.03394415,0.53840632811806
"con",62,-0.586119,-0.5991805,"group",-0.0130614999999999,-0.0222847237506376
"gain",62,4.69963,2.539635,"group",-2.159995,-0.45960958628658
"loss",62,2.743865,4.023625,"group",1.27976,0.466407786097348
"mag",62,0.2160295,0.185119,"group",-0.0309105,-0.143084625016491
"decay",62,0.108738,0.5302165,"group",0.4214785,3.87609207452776
"con",63,0.164403,0.3618555,"group",0.1974525,1.20102735351545
"gain",63,3.624305,3.54638,"group",-0.077925,-0.0215006739223106
"loss",63,3.008085,2.88429,"group",-0.123795,-0.0411540897281827
"mag",63,0.2062575,0.1893045,"group",-0.016953,-0.0821933747863714
"decay",63,0.2084045,0.296206,"group",0.0878015,0.421303282798596
"con",64,-0.35116,0.00873793,"group",0.35989793,1.02488304476592
"gain",64,4.8573,4.84371,"group",-0.0135900000000007,-0.00279785065777297
"loss",64,1.45449,1.62463,"group",0.17014,0.116975709698932
"mag",64,0.2332015,0.1507345,"group",-0.082467,-0.353629800837473
"decay",64,0.0591637,0.0910709,"group",0.0319072,0.539303660859615
"con",65,0.2273965,0.391706,"group",0.1643095,0.722568289309642
"gain",65,4.600495,3.953685,"group",-0.64681,-0.140595740240996
"loss",65,1.644715,2.60032,"group",0.955605,0.581015555886582
"mag",65,0.1950385,0.17458,"group",-0.0204585,-0.104894674641161
"decay",65,0.1934675,0.2014315,"group",0.00796399999999997,0.0411645366792871
"con",66,0.636789,0.3114105,"group",-0.3253785,-0.510967526135031
"gain",66,2.93545,2.783945,"group",-0.151505,-0.0516121889318504
"loss",66,2.76607,4.02593,"group",1.25986,0.455469312056455
"mag",66,0.25582,0.189086,"group",-0.066734,-0.260863106872019
"decay",66,0.18065,0.2575885,"group",0.0769385,0.425898145585386
"con",67,-0.00545331,0.06036485,"group",0.06581816,12.0693963849479
"gain",67,4.8836,4.75071,"group",-0.13289,-0.0272114833319682
"loss",67,1.383755,1.784745,"group",0.40099,0.289783957420208
"mag",67,0.263136,0.212092,"group",-0.051044,-0.193983339413839
"decay",67,0.173202,0.295476,"group",0.122274,0.70596182492119
"con",68,-1.619305,0.0321384,"group",1.6514434,1.01984703314076
"gain",68,6.594085,5.004475,"group",-1.58961,-0.241066046312718
"loss",68,1.73697,1.341065,"group",-0.395905,-0.22792851920298
"mag",68,0.4703475,0.16636,"group",-0.3039875,-0.646304062421933
"decay",68,0.1925595,0.3806305,"group",0.188071,0.976690321692775
"con",69,-2.769205,-0.4323785,"group",2.3368265,0.843861866492369
"gain",69,2.555815,2.260015,"group",-0.2958,-0.115736076359204
"loss",69,5.103895,4.101175,"group",-1.00272,-0.196461721881034
"mag",69,0.3140365,0.1938085,"group",-0.120228,-0.382847216804416
"decay",69,0.5168315,0.570525,"group",0.0536934999999999,0.10388975904139
"con",70,-0.171483,-0.4248055,"group",-0.2533225,-1.47724555786871
"gain",70,2.796475,2.356545,"group",-0.43993,-0.157315906632457
"loss",70,3.446575,4.202835,"group",0.75626,0.219423630705846
"mag",70,0.203007,0.2024345,"group",-0.000572499999999976,-0.00282009979951418
"decay",70,0.287454,0.4985665,"group",0.2111125,0.734421855322939
"con",71,-1.7666,-1.201025,"group",0.565575,0.320148873542398
"gain",71,4.351675,1.35138,"group",-3.000295,-0.689457507741272
"loss",71,4.221455,5.01887,"group",0.797414999999999,0.188895771718519
"mag",71,0.374285,0.2153795,"group",-0.1589055,-0.42455748961353
"decay",71,0.782247,0.530752,"group",-0.251495,-0.321503310335482
"con",72,-1.924045,0.1079495,"group",2.0319945,1.05610549649307
"gain",72,5.7511,3.11678,"group",-2.63432,-0.458054980786284
"loss",72,5.16241,3.21672,"group",-1.94569,-0.376895674694571
"mag",72,0.6260715,0.2452695,"group",-0.380802,-0.608240432602347
"decay",72,0.131923,0.09804195,"group",-0.03388105,-0.256824435466143
"con",73,-0.8711195,-0.547299,"group",0.3238205,0.371729137047213
"gain",73,2.14722,1.80213,"group",-0.34509,-0.160714784698354
"loss",73,4.470105,4.501435,"group",0.0313299999999996,0.00700878390999756
"mag",73,0.231796,0.222577,"group",-0.009219,-0.0397720409325442
"decay",73,0.615965,0.6084985,"group",-0.00746649999999993,-0.0121216302874351
"con",74,-0.143547,0.1389415,"group",0.2824885,1.96791643155204
"gain",74,4.27999,1.60894,"group",-2.67105,-0.624078560931217
"loss",74,2.732485,5.119225,"group",2.38674,0.873468655820618
"mag",74,0.216827,0.2044035,"group",-0.0124235,-0.0572968311142062
"decay",74,0.25548,0.3102905,"group",0.0548105,0.214539298575231
"con",75,-0.750868,0.286471,"group",1.037339,1.38151978776563
"gain",75,4.01989,1.333055,"group",-2.686835,-0.668385204570274
"loss",75,4.575635,5.676405,"group",1.10077,0.240572073602899
"mag",75,0.374996,0.3000115,"group",-0.0749845,-0.199960799581862
"decay",75,0.6087525,0.7415075,"group",0.132755,0.218077133153457
"con",76,-0.930211,-0.218601,"group",0.71161,0.764998478839747
"gain",76,4.106115,2.49504,"group",-1.611075,-0.392359931468067
"loss",76,4.421685,4.242765,"group",-0.17892,-0.0404642121725088
"mag",76,0.2828595,0.202847,"group",-0.0800125,-0.282870117496496
"decay",76,0.666769,0.4415105,"group",-0.2252585,-0.337835892190549
"con",77,-0.1148785,0.202531,"group",0.3174095,2.76300178014163
"gain",77,2.00286,1.537515,"group",-0.465345,-0.232340253437584
"loss",77,4.81854,5.216435,"group",0.397895000000001,0.0825758424751068
"mag",77,0.2814285,0.2196935,"group",-0.061735,-0.219362999838325
"decay",77,0.266948,0.4660465,"group",0.1990985,0.745832521689617
"con",78,-2.52949,-1.21106,"group",1.31843,0.521223645873279
"gain",78,3.96117,1.83359,"group",-2.12758,-0.537108985476513
"loss",78,4.548455,4.31527,"group",-0.233185000000001,-0.0512668587465415
"mag",78,0.374059,0.2044895,"group",-0.1695695,-0.453322871525615
"decay",78,0.563056,0.499322,"group",-0.063734,-0.113193003893041
"con",79,-0.4285495,0.447035,"group",0.8755845,2.04313504040957
"gain",79,4.354355,2.41984,"group",-1.934515,-0.444271309987358
"loss",79,3.5257,4.194025,"group",0.668325,0.189558101937204
"mag",79,0.2395065,0.201851,"group",-0.0376555,-0.157221202764852
"decay",79,0.139043,0.463151,"group",0.324108,2.33099113223967
"con",80,-0.8824395,0.0356739,"group",0.9181134,1.04042645416485
"gain",80,5.77714,4.37203,"group",-1.40511,-0.243218963016302
"loss",80,2.273265,2.26283,"group",-0.0104350000000002,-0.00459031393172384
"mag",80,0.285515,0.162324,"group",-0.123191,-0.431469449941334
"decay",80,0.0839167,0.102999,"group",0.0190823,0.227395738869617
"con",81,-1.08948,0.134525,"group",1.224005,1.12347633733524
"gain",81,2.49223,3.802415,"group",1.310185,0.525707900153678
"loss",81,4.42256,2.918255,"group",-1.504305,-0.340143491552404
"mag",81,0.2314105,0.1890955,"group",-0.042315,-0.182856871230994
"decay",81,0.571936,0.689117,"group",0.117181,0.204884812286689
"con",82,-0.552872,0.0526867,"group",0.6055587,1.09529637963218
"gain",82,4.159115,3.84151,"group",-0.317605,-0.0763636013911613
"loss",82,2.876825,2.95758,"group",0.0807549999999999,0.0280708767478035
"mag",82,0.2252835,0.152544,"group",-0.0727395,-0.322879838070698
"decay",82,0.08811885,0.1099205,"group",0.02180165,0.247411876119582
"con",83,0.0151424,0.07426105,"group",0.05911865,3.90417965448014
"gain",83,3.83528,2.415845,"group",-1.419435,-0.370099445151332
"loss",83,3.4324,4.10891,"group",0.67651,0.197095326884978
"mag",83,0.166845,0.2317745,"group",0.0649295,0.389160598159969
"decay",83,0.2040395,0.4095175,"group",0.205478,1.00705010549428
"con",84,0.174747,0.3408245,"group",0.1660775,0.950388275621327
"gain",84,4.257915,3.913255,"group",-0.34466,-0.0809457210864942
"loss",84,3.126675,2.86143,"group",-0.265245,-0.0848329295497613
"mag",84,0.1924655,0.1794265,"group",-0.013039,-0.0677472066422295
"decay",84,0.0860628,0.0669453,"group",-0.0191175,-0.222134301928359
"con",85,-0.473782,0.444989,"group",0.918771,1.93922732395912
"gain",85,4.473635,3.852595,"group",-0.62104,-0.138822232926915
"loss",85,2.9306,2.642765,"group",-0.287835,-0.0982170886507883
"mag",85,0.249049,0.168813,"group",-0.080236,-0.322169532903164
"decay",85,0.209298,0.502593,"group",0.293295,1.40132729409741
"con",86,-0.8169015,-0.717564,"group",0.0993375,0.121602788096239
"gain",86,1.635005,1.42823,"group",-0.206775,-0.126467503157483
"loss",86,4.865145,5.0995,"group",0.234355,0.0481701984216297
"mag",86,0.225294,0.237902,"group",0.012608,0.0559624313119746
"decay",86,0.496938,0.557022,"group",0.060084,0.120908443306811
"con",87,0.241084,0.1869315,"group",-0.0541525,-0.224620879029716
"gain",87,4.106185,3.552465,"group",-0.55372,-0.134850232028026
"loss",87,1.910725,2.54697,"group",0.636245,0.332986170171008
"mag",87,0.1874565,0.173831,"group",-0.0136255,-0.0726861965309284
"decay",87,0.160537,0.255144,"group",0.094607,0.589315858649408
"con",88,-0.518458,-0.6950135,"group",-0.1765555,-0.340539638697831
"gain",88,4.374205,2.36507,"group",-2.009135,-0.459314321116637
"loss",88,2.981585,3.861355,"group",0.87977,0.295067891742144
"mag",88,0.251936,0.196956,"group",-0.05498,-0.218230026673441
"decay",88,0.139277,0.3689355,"group",0.2296585,1.64893342044989
"con",89,-1.433065,-0.500422,"group",0.932643,0.650802999166123
"gain",89,1.691345,1.33683,"group",-0.354515,-0.209605373238458
"loss",89,4.851535,5.36131,"group",0.509774999999999,0.105074991729422
"mag",89,0.220687,0.2440945,"group",0.0234075,0.106066510487704
"decay",89,0.666533,0.5541795,"group",-0.1123535,-0.168564047091442
"con",90,0.7465845,0.9381715,"group",0.191587,0.25661797157589
"gain",90,4.1603,5.15716,"group",0.996860000000001,0.239612527942697
"loss",90,1.725455,1.02399,"group",-0.701465,-0.406539144747328
"mag",90,0.1842535,0.1594825,"group",-0.024771,-0.134439779977043
"decay",90,0.134966,0.242406,"group",0.10744,0.796052339107627
"con",91,-1.30819,-0.762421,"group",0.545769,0.417193985583134
"gain",91,4.94775,2.65354,"group",-2.29421,-0.463687534738012
"loss",91,4.4726,3.60031,"group",-0.87229,-0.195029736618522
"mag",91,0.276025,0.197566,"group",-0.078459,-0.28424599221085
"decay",91,0.120133,0.3874145,"group",0.2672815,2.22487992475007
"con",92,-0.04728815,0.2827315,"group",0.33001965,6.9789080350997
"gain",92,3.55586,3.3947,"group",-0.16116,-0.045322369272131
"loss",92,3.63933,3.342265,"group",-0.297065,-0.0816262883552742
"mag",92,0.2539175,0.196852,"group",-0.0570655,-0.224740319198165
"decay",92,0.1166005,0.134885,"group",0.0182845,0.156813221212602
"con",93,-0.02886175,-0.0834962,"group",-0.05463445,-1.89297080045389
"gain",93,3.936305,4.280275,"group",0.34397,0.0873839806620675
"loss",93,1.96524,1.925695,"group",-0.0395449999999999,-0.020122224257597
"mag",93,0.1694195,0.15819,"group",-0.0112295,-0.0662822166279561
"decay",93,0.0603038,0.1236925,"group",0.0633887,1.05115598022015
"con",94,-1.219065,0.438096,"group",1.657161,1.35937050116278
"gain",94,6.29941,3.137215,"group",-3.162195,-0.501982725366344
"loss",94,3.79342,3.55101,"group",-0.24241,-0.0639027579334744
"mag",94,0.6069825,0.296153,"group",-0.3108295,-0.512089722520831
"decay",94,0.1652575,0.165808,"group",0.000550500000000009,0.0033311650000757
"con",95,-1.17445,-0.9894225,"group",0.1850275,0.157543956745711
"gain",95,1.967495,1.976725,"group",0.00923000000000007,0.00469124445043066
"loss",95,4.641495,4.00193,"group",-0.639565,-0.137792887851867
"mag",95,0.2187845,0.1945325,"group",-0.024252,-0.110848803274455
"decay",95,0.51177,0.5278745,"group",0.0161045,0.0314682376848974
"con",96,-0.5232625,0.2791015,"group",0.802364,1.53338716227515
"gain",96,4.095935,2.48351,"group",-1.612425,-0.393664694386019
"loss",96,4.35479,4.09971,"group",-0.25508,-0.0585745810934627
"mag",96,0.279434,0.2368785,"group",-0.0425555,-0.152291775517653
"decay",96,0.03167635,0.0318478,"group",0.000171450000000004,0.00541255542384156
"con",97,-0.0392898,0.0497165,"group",0.0890063,2.26537930964271
"gain",97,5.03836,5.038745,"group",0.000385000000000524,7.64137536818576e-05
"loss",97,1.394065,1.37399,"group",-0.0200749999999998,-0.0144003328395734
"mag",97,0.216372,0.1818635,"group",-0.0345085,-0.159486902186974
"decay",97,0.114805,0.134248,"group",0.019443,0.169356735333827
"con",98,-2.19682,-0.9353815,"group",1.2614385,0.574211132455094
"gain",98,2.604305,1.871045,"group",-0.73326,-0.281556883698338
"loss",98,4.914205,4.173755,"group",-0.74045,-0.150675439872777
"mag",98,0.291896,0.1936605,"group",-0.0982355,-0.336542809767863
"decay",98,0.559327,0.573191,"group",0.013864,0.0247869314372451
"con",99,-2.4223,-0.841635,"group",1.580665,0.652547165916691
"gain",99,4.48535,2.084835,"group",-2.400515,-0.53519011894278
"loss",99,3.996385,4.116255,"group",0.119870000000001,0.0299946076266427
"mag",99,0.28037,0.1907075,"group",-0.0896625,-0.319800620608482
"decay",99,0.2449085,0.5457535,"group",0.300845,1.22839754438903
"con",100,-0.131758,0.260187,"group",0.391945,2.9747339819973
"gain",100,4.50558,4.54394,"group",0.0383599999999999,0.00851388722428632
"loss",100,1.557395,1.229695,"group",-0.3277,-0.210415469421695
"mag",100,0.170522,0.1625765,"group",-0.00794549999999999,-0.0465951607417224
"decay",100,0.03311605,0.0636281,"group",0.03051205,0.921367433616026
"con",101,0.006824875,0.07463215,"group",0.067807275,9.9353138335867
"gain",101,5.25877,2.455515,"group",-2.803255,-0.533062864510142
"loss",101,2.31333,4.45242,"group",2.13909,0.924680006743525
"mag",101,0.166719,0.182951,"group",0.016232,0.0973614285114474
"decay",101,0.6732465,0.627473,"group",-0.0457735000000001,-0.0679892134604489
"con",102,-1.863415,-0.3629995,"group",1.5004155,0.805196641649874
"gain",102,5.761815,1.61335,"group",-4.148465,-0.719992745341529
"loss",102,2.606885,4.952965,"group",2.34608,0.899955310648533
"mag",102,0.3181395,0.231553,"group",-0.0865865,-0.27216519797133
"decay",102,0.6097395,0.5378665,"group",-0.071873,-0.117874928555555
"con",103,0.261264,0.3079005,"group",0.0466365,0.178503352930369
"gain",103,3.769855,3.37985,"group",-0.390004999999999,-0.103453581105904
"loss",103,2.573495,3.315385,"group",0.74189,0.288281111873153
"mag",103,0.230853,0.178309,"group",-0.052544,-0.227608044946351
"decay",103,0.163971,0.2526435,"group",0.0886725,0.540781601624678
"con",104,0.2735375,0.236013,"group",-0.0375245,-0.137182287620527
"gain",104,3.79666,4.32815,"group",0.53149,0.139988832289433
"loss",104,3.595095,2.467465,"group",-1.12763,-0.313657914464013
"mag",104,0.164309,0.1468385,"group",-0.0174705,-0.106327103201894
"decay",104,0.102332,0.137236,"group",0.034904,0.341085877340421
"con",105,-0.1330035,0.0966654,"group",0.2296689,1.72678839278666
"gain",105,4.11323,3.03636,"group",-1.07687,-0.261806414909937
"loss",105,2.172235,3.6426,"group",1.470365,0.676890391693348
"mag",105,0.2248175,0.1984475,"group",-0.02637,-0.117295139390839
"decay",105,0.170979,0.3094385,"group",0.1384595,0.809804127992327
"con",106,-1.34646,-0.8536585,"group",0.4928015,0.36599787591165
"gain",106,1.676505,2.40645,"group",0.729945,0.435396852380398
"loss",106,4.687875,3.64033,"group",-1.047545,-0.223458389995467
"mag",106,0.211256,0.197461,"group",-0.013795,-0.0652999204756315
"decay",106,0.619948,0.549573,"group",-0.0703749999999999,-0.113517585345867
"con",107,-0.438968,0.188815,"group",0.627783,1.43013385941572
"gain",107,4.22547,3.08959,"group",-1.13588,-0.268817433326943
"loss",107,3.18156,3.64109,"group",0.45953,0.144435434189517
"mag",107,0.205035,0.2041755,"group",-0.000859499999999985,-0.00419196722510784
"decay",107,0.04824845,0.0650934,"group",0.01684495,0.349129350269283
"con",108,0.02455815,0.5611555,"group",0.53659735,21.8500721756321
"gain",108,1.49047,1.51971,"group",0.0292399999999999,0.0196179728542003
"loss",108,6.08054,5.24275,"group",-0.83779,-0.137782170662474
"mag",108,0.1574645,0.157109,"group",-0.000355500000000009,-0.0022576517246745
"decay",108,0.0422578,0.05792815,"group",0.01567035,0.370827397545542
"con",109,-0.4522435,0.545,"group",0.9972435,2.2051030031388
"gain",109,3.364675,3.245955,"group",-0.11872,-0.0352842399340203
"loss",109,4.429925,3.445985,"group",-0.98394,-0.222112112507548
"mag",109,0.272827,0.1865915,"group",-0.0862355,-0.316081252955169
"decay",109,0.596943,0.7343005,"group",0.1373575,0.230101533982307
"con",110,-0.0922506,0.4315395,"group",0.5237901,5.67790453395425
"gain",110,5.22166,3.1975,"group",-2.02416,-0.387646840276847
"loss",110,1.2482,3.01109,"group",1.76289,1.41234577792021
"mag",110,0.252982,0.167296,"group",-0.085686,-0.338703939410709
"decay",110,0.1068355,0.06692465,"group",-0.03991085,-0.373572922858039
"con",111,-1.65562,-0.5771035,"group",1.0785165,0.651427561880142
"gain",111,5.540295,2.32977,"group",-3.210525,-0.579486290892453
"loss",111,2.437265,4.2321,"group",1.794835,0.736413561922893
"mag",111,0.339678,0.1931555,"group",-0.1465225,-0.431357049911976
"decay",111,0.2722465,0.563782,"group",0.2915355,1.07085123224725
"con",112,-0.0253815,0.9342835,"group",0.959665,37.8096251206587
"gain",112,4.23877,3.75442,"group",-0.484350000000001,-0.114266638671124
"loss",112,3.308945,2.52336,"group",-0.785585,-0.237412528766722
"mag",112,0.2461355,0.1699005,"group",-0.076235,-0.309727771897999
"decay",112,0.1085675,0.241071,"group",0.1325035,1.22047113546872
"con",113,-0.8732505,0.02657315,"group",0.89982365,1.03043015721148
"gain",113,4.11782,2.64558,"group",-1.47224,-0.357528983782681
"loss",113,4.984575,4.0389,"group",-0.945675,-0.189720287085659
"mag",113,0.371044,0.1850865,"group",-0.1859575,-0.501173715246709
"decay",113,0.4214335,0.2084695,"group",-0.212964,-0.505332395265208
"con",114,-2.88544,0.5474575,"group",3.4328975,1.18973102888987
"gain",114,2.311155,3.7773,"group",1.466145,0.634377616386612
"loss",114,4.67572,2.197505,"group",-2.478215,-0.530017836825131
"mag",114,0.2379035,0.1782495,"group",-0.059654,-0.250748727950619
"decay",114,0.49415,0.4936945,"group",-0.000455499999999942,-0.000921784883132535
"con",115,-1.00942,0.544413,"group",1.553833,1.53933248796338
"gain",115,6.16781,4.22759,"group",-1.94022,-0.31457194693092
"loss",115,2.229955,2.56255,"group",0.332595,0.149148749638446
"mag",115,0.367227,0.198694,"group",-0.168533,-0.458934119767882
"decay",115,0.3753475,0.4247485,"group",0.049401,0.131614037658436
"con",116,-0.5851435,1.08388,"group",1.6690235,2.85233194934234
"gain",116,5.962995,4.99838,"group",-0.964615,-0.161766863799148
"loss",116,2.354765,1.136695,"group",-1.21807,-0.517278794274588
"mag",116,0.299977,0.1506965,"group",-0.1492805,-0.497639819052794
"decay",116,0.07767645,0.1408355,"group",0.06315905,0.813104229145384
"con",117,-1.17975,-0.477431,"group",0.702319,0.595311718584446
"gain",117,2.38104,2.329185,"group",-0.0518550000000002,-0.0217782985586131
"loss",117,4.886725,4.07862,"group",-0.808105,-0.165367398411001
"mag",117,0.2607085,0.2030045,"group",-0.057704,-0.221335322783876
"decay",117,0.645709,0.5963515,"group",-0.0493574999999999,-0.0764392319140665
"con",118,-0.407534,0.1998755,"group",0.6074095,1.49045110346621
"gain",118,5.429075,3.18369,"group",-2.245385,-0.413585187163559
"loss",118,1.61589,4.60788,"group",2.99199,1.85160499786495
"mag",118,0.184808,0.183654,"group",-0.00115399999999999,-0.00624431842777363
"decay",118,0.1927945,0.2525315,"group",0.059737,0.309848050644599
"con",119,-0.108083,0.00462916,"group",0.11271216,1.04282967719253
"gain",119,5.3202,3.60052,"group",-1.71968,-0.32323596857261
"loss",119,1.341035,2.798455,"group",1.45742,1.08678744402644
"mag",119,0.1761215,0.190685,"group",0.0145635,0.0826900747495337
"decay",119,0.2249335,0.2473055,"group",0.022372,0.0994605072165774
"con",120,-0.280993,0.517888,"group",0.798881,2.84306370621332
"gain",120,5.25483,3.830505,"group",-1.424325,-0.271050633417256
"loss",120,2.75655,3.299115,"group",0.542565,0.196827556184361
"mag",120,0.308924,0.1751215,"group",-0.1338025,-0.43312432831376
"decay",120,0.1694925,0.2637915,"group",0.094299,0.55636090092482
"con",121,-0.2238325,0.3286855,"group",0.552518,2.46844403739403
"gain",121,4.601705,4.36966,"group",-0.232045,-0.0504258747572911
"loss",121,2.015325,2.218185,"group",0.20286,0.100658702690633
"mag",121,0.16752,0.2006315,"group",0.0331115,0.197656996179561
"decay",121,0.05550715,0.191838,"group",0.13633085,2.45609529583126
"con",122,-0.298692,-1.25407,"group",-0.955378,-3.19853896321294
"gain",122,1.89115,1.8668,"group",-0.0243500000000001,-0.0128757634243715
"loss",122,4.45274,4.232215,"group",-0.220525,-0.049525685308372
"mag",122,0.1989125,0.189809,"group",-0.00910349999999999,-0.0457663545528812
"decay",122,0.5943,0.5202765,"group",-0.0740235,-0.124555779909137
"con",123,0.6195515,0.6050275,"group",-0.014524,-0.0234427646450698
"gain",123,5.185565,3.953475,"group",-1.23209,-0.237599952946304
"loss",123,0.9958745,1.89847,"group",0.9025955,0.906334583323501
"mag",123,0.1990105,0.270654,"group",0.0716435,0.359998593039061
"decay",123,0.1613325,0.161372,"group",3.94999999999979e-05,0.000244835975392422
"con",124,-1.15949,-0.6589705,"group",0.5005195,0.431672114464118
"gain",124,1.478575,1.342175,"group",-0.1364,-0.0922509849010027
"loss",124,4.903825,5.058425,"group",0.154599999999999,0.0315264105060844
"mag",124,0.2313775,0.2651495,"group",0.033772,0.145960605503992
"decay",124,0.5428695,0.5439075,"group",0.00103799999999998,0.0019120617385946
"con",125,0.09794735,0.3286865,"group",0.23073915,2.35574673536344
"gain",125,4.917045,3.56144,"group",-1.355605,-0.275695056685469
"loss",125,2.28206,2.927305,"group",0.645245,0.282746728832721
"mag",125,0.247395,0.190149,"group",-0.057246,-0.231395137330989
"decay",125,0.723864,0.65488,"group",-0.068984,-0.0952996695511865
"con",126,-0.3166855,0.2920795,"group",0.608765,1.92230146312351
"gain",126,5.224275,4.527235,"group",-0.69704,-0.133423297969575
"loss",126,1.29365,1.756195,"group",0.462545,0.357550342055425
"mag",126,0.1828065,0.179973,"group",-0.00283350000000002,-0.0154999958973013
"decay",126,0.0677056,0.104341,"group",0.0366354,0.541098520654126
"con",127,-0.0497276,0.0122839,"group",0.0620115,1.24702378558386
"gain",127,4.74513,4.88328,"group",0.13815,0.0291140600995125
"loss",127,1.389155,1.60043,"group",0.211275,0.152088859774467
"mag",127,0.195907,0.179941,"group",-0.015966,-0.0814978535733791
"decay",127,0.0804671,0.106571,"group",0.0261039,0.324404632452269
"con",128,-1.456715,0.112806,"group",1.569521,1.07743862045767
"gain",128,6.22433,3.89679,"group",-2.32754,-0.373942255632333
"loss",128,1.46307,2.79586,"group",1.33279,0.91095436308584
"mag",128,0.373882,0.1987025,"group",-0.1751795,-0.468542213853569
"decay",128,0.07517585,0.141821,"group",0.06664515,0.886523398139163
"con",129,0.0159202,-0.421656,"group",-0.4375762,-27.4855969146116
"gain",129,2.64821,1.424405,"group",-1.223805,-0.462125360148931
"loss",129,3.79061,4.98665,"group",1.19604,0.315527052374156
"mag",129,0.176098,0.2390115,"group",0.0629135,0.357264137014617
"decay",129,0.1053445,0.406425,"group",0.3010805,2.85805618708143
"con",130,-0.403969,0.159527,"group",0.563496,1.39489911354584
"gain",130,4.650225,3.53714,"group",-1.113085,-0.23936153626975
"loss",130,2.549375,3.03076,"group",0.481385,0.188824711939201
"mag",130,0.191365,0.165955,"group",-0.02541,-0.132782901784548
"decay",130,0.1036795,0.189325,"group",0.0856455,0.826060117959674
"con",131,-0.7188985,0.3419245,"group",1.060823,1.47562277567696
"gain",131,5.477285,3.662595,"group",-1.81469,-0.331311954736699
"loss",131,4.703265,3.21667,"group",-1.486595,-0.316077235707535
"mag",131,0.273197,0.1779195,"group",-0.0952775,-0.348750169291757
"decay",131,0.103524,0.09621845,"group",-0.00730555000000001,-0.0705686604072486
"con",132,-1.84083,0.0762515,"group",1.9170815,1.04142234752802
"gain",132,6.918495,5.01478,"group",-1.903715,-0.275163167712053
"loss",132,1.00501,1.194135,"group",0.189125,0.188182207142218
"mag",132,0.7503635,0.16064,"group",-0.5897235,-0.785917092182655
"decay",132,0.0514548,0.05389505,"group",0.00244025,0.0474251187449957
"con",133,-1.2891,0.1402275,"group",1.4293275,1.10877938096346
"gain",133,6.150695,4.50745,"group",-1.643245,-0.267164117225777
"loss",133,2.174585,2.178125,"group",0.00353999999999965,0.00162789681709368
"mag",133,0.35215,0.203539,"group",-0.148611,-0.42201050688627
"decay",133,0.0918112,0.199045,"group",0.1072338,1.16798168415182
"con",134,-0.8949555,-0.09906845,"group",0.79588705,0.889303490508746
"gain",134,6.05815,3.66419,"group",-2.39396,-0.395163540024595
"loss",134,3.44767,3.38897,"group",-0.0587,-0.0170259914667007
"mag",134,0.293712,0.175069,"group",-0.118643,-0.403943318625048
"decay",134,0.199491,0.1797835,"group",-0.0197075,-0.0987889177957904
"con",135,0.1586055,0.7776165,"group",0.619011,3.90283439098896
"gain",135,3.69364,3.39554,"group",-0.2981,-0.0807062951451685
"loss",135,3.12871,2.798355,"group",-0.330355,-0.105588245634782
"mag",135,0.30045,0.2431585,"group",-0.0572915,-0.190685638209353
"decay",135,0.1193865,0.239039,"group",0.1196525,1.0022280576112
"con",136,-0.187982,0.265961,"group",0.453943,2.41482163185837
"gain",136,5.386655,4.399075,"group",-0.987579999999999,-0.183338268368774
"loss",136,1.12055,2.144205,"group",1.023655,0.913529070545715
"mag",136,0.190966,0.161654,"group",-0.029312,-0.153493291999623
"decay",136,0.07296495,0.08377435,"group",0.0108094,0.148145102545811
"con",137,-1.646705,-0.8821795,"group",0.7645255,0.464275932847717
"gain",137,1.848975,2.15198,"group",0.303005,0.163877283359699
"loss",137,4.80824,4.054235,"group",-0.754004999999999,-0.156815175615194
"mag",137,0.220466,0.191725,"group",-0.028741,-0.130364772799434
"decay",137,0.5012135,0.4682015,"group",-0.033012,-0.0658641477134993
"con",138,-1.399965,0.681456,"group",2.081421,1.48676645487566
"gain",138,6.82379,4.51908,"group",-2.30471,-0.337746325722216
"loss",138,1.63586,1.90032,"group",0.26446,0.161664201093003
"mag",138,0.614991,0.2086545,"group",-0.4063365,-0.660719425162319
"decay",138,0.101751,0.128668,"group",0.026917,0.26453794065906
"con",139,-1.078855,-0.3589445,"group",0.7199105,0.667291248592258
"gain",139,2.784395,1.468515,"group",-1.31588,-0.472590993734725
"loss",139,4.605905,4.84055,"group",0.234645,0.0509443855224978
"mag",139,0.2373435,0.2005185,"group",-0.036825,-0.155154870472543
"decay",139,0.6236565,0.5062125,"group",-0.117444,-0.188315202358991
"con",140,-1.026285,0.04147445,"group",1.06775945,1.04041221493055
"gain",140,6.222965,4.52241,"group",-1.700555,-0.273270860433893
"loss",140,1.4557,1.98456,"group",0.52886,0.363302878340317
"mag",140,0.319717,0.1777245,"group",-0.1419925,-0.44411933053294
"decay",140,0.248188,0.350643,"group",0.102455,0.412812061824101
"con",141,0.2889095,0.7675735,"group",0.478664,1.65679564015721
"gain",141,4.55801,4.298935,"group",-0.259074999999999,-0.0568394979387933
"loss",141,1.79502,1.935125,"group",0.140105,0.0780520551303049
"mag",141,0.225045,0.149785,"group",-0.07526,-0.334422004487991
"decay",141,0.2255665,0.22557,"group",3.49999999998962e-06,1.55164884856112e-05
"con",142,-0.3233335,0.1727265,"group",0.49606,1.53420539473949
"gain",142,2.671495,2.68101,"group",0.00951499999999994,0.00356167614013874
"loss",142,4.29849,3.633235,"group",-0.665255,-0.15476481275983
"mag",142,0.2155935,0.2326735,"group",0.01708,0.07922316767435
"decay",142,0.375174,0.2625085,"group",-0.1126655,-0.300301993208484
"con",143,-2.548585,-0.0488872,"group",2.4996978,0.98081790483739
"gain",143,2.621565,2.50624,"group",-0.115325,-0.0439908985663145
"loss",143,5.10077,4.146765,"group",-0.954005,-0.187031565822415
"mag",143,0.2942375,0.1988705,"group",-0.095367,-0.324115722842941
"decay",143,0.4908475,0.425712,"group",-0.0651355,-0.132700074870505
"con",144,0.02078455,0.358866,"group",0.33808145,16.2659980610598
"gain",144,5.18721,4.267145,"group",-0.920065000000001,-0.177371843437995
"loss",144,2.04044,1.939015,"group",-0.101425,-0.0497074160475193
"mag",144,0.1816505,0.1673295,"group",-0.014321,-0.078838208537824
"decay",144,0.13549,0.0846834,"group",-0.0508066,-0.374984131670234
"con",145,-0.395339,1.27484,"group",1.670179,4.22467553163235
"gain",145,5.224655,4.64679,"group",-0.577865,-0.11060347525339
"loss",145,2.799995,2.03373,"group",-0.766265,-0.273666560118857
"mag",145,0.298646,0.1723885,"group",-0.1262575,-0.422766419104893
"decay",145,0.1207845,0.2299825,"group",0.109198,0.904072956380992
"con",146,-0.496469,-0.6126545,"group",-0.1161855,-0.234023675194222
"gain",146,4.460135,3.271935,"group",-1.1882,-0.266404492240706
"loss",146,2.227885,2.39653,"group",0.168645000000001,0.0756973542171165
"mag",146,0.1792505,0.1784015,"group",-0.000849000000000016,-0.00473638846195696
"decay",146,0.05775675,0.2650685,"group",0.20731175,3.5893943132188
"con",147,-1.16705,-1.19106,"group",-0.0240100000000001,-0.0205732402210703
"gain",147,1.57772,1.778045,"group",0.200325,0.126971198945314
"loss",147,5.01063,4.170645,"group",-0.839985,-0.167640596092707
"mag",147,0.2447235,0.189643,"group",-0.0550805,-0.225072377601661
"decay",147,0.5148725,0.5694425,"group",0.0545699999999999,0.105987404648723
"con",148,-1.069065,-0.6239605,"group",0.4451045,0.416349333295918
"gain",148,2.03531,2.52365,"group",0.48834,0.239933965833215
"loss",148,4.20843,3.871745,"group",-0.336685,-0.0800025187540247
"mag",148,0.2004205,0.190035,"group",-0.0103855,-0.0518185514954807
"decay",148,0.494918,0.4356505,"group",-0.0592675,-0.119752160964038
"con",149,0.0162476,-0.420877,"group",-0.4371246,-26.9039488909131
"gain",149,3.56622,2.988865,"group",-0.577355,-0.161895508409464
"loss",149,3.001435,3.394785,"group",0.39335,0.131053979179959
"mag",149,0.179993,0.18588,"group",0.00588699999999998,0.0327068274877355
"decay",149,0.419698,0.401996,"group",-0.017702,-0.0421779469999857
"con",150,-2.75413,-1.22285,"group",1.53128,0.555994088877431
"gain",150,3.396045,1.692245,"group",-1.7038,-0.501701243652543
"loss",150,5.06083,4.549155,"group",-0.511675,-0.101104957092019
"mag",150,0.4012405,0.208917,"group",-0.1923235,-0.479322251866399
"decay",150,0.613282,0.5493585,"group",-0.0639235,-0.104231821576371
"con",151,-0.294746,-0.308117,"group",-0.013371,-0.0453644833178397
"gain",151,2.73021,2.463905,"group",-0.266305,-0.0975401159617758
"loss",151,4.504285,4.220185,"group",-0.2841,-0.0630732735606207
"mag",151,0.240849,0.2660065,"group",0.0251575,0.104453412719173
"decay",151,0.11074,0.3425935,"group",0.2318535,2.09367437240383
"con",152,-2.499525,-0.848201,"group",1.651324,0.66065512447365
"gain",152,4.430565,2.02172,"group",-2.408845,-0.543687994646281
"loss",152,4.35917,4.18061,"group",-0.17856,-0.0409619262382518
"mag",152,0.379973,0.1975335,"group",-0.1824395,-0.480138062441279
"decay",152,0.353012,0.5234735,"group",0.1704615,0.482877352611242
"con",153,-1.212395,-1.31584,"group",-0.103445,-0.0853228527006464
"gain",153,1.72273,1.49624,"group",-0.22649,-0.131471559675631
"loss",153,4.899875,4.592425,"group",-0.307449999999999,-0.0627464986351691
"mag",153,0.2165745,0.204954,"group",-0.0116205,-0.0536559013180222
"decay",153,0.461543,0.5242485,"group",0.0627055,0.13586058070429
"con",154,-0.8140005,-0.6511975,"group",0.162803,0.200003562651374
"gain",154,2.705725,1.78694,"group",-0.918785,-0.339570725036728
"loss",154,4.13034,4.65842,"group",0.528079999999999,0.127853881278539
"mag",154,0.2209245,0.214554,"group",-0.0063705,-0.0288356429458933
"decay",154,0.4323075,0.6277235,"group",0.195416,0.452030094319437
"con",155,-0.550633,1.080225,"group",1.630858,2.96178761534452
"gain",155,6.398055,4.74666,"group",-1.651395,-0.258108909660827
"loss",155,1.16643,1.39358,"group",0.22715,0.194739504299444
"mag",155,0.555953,0.1819695,"group",-0.3739835,-0.67268905824773
"decay",155,0.1820895,0.2038735,"group",0.021784,0.11963347694403
"con",156,-0.389801,-0.0506211,"group",0.3391799,0.870136043776183
"gain",156,5.035765,3.828645,"group",-1.20712,-0.239709358955392
"loss",156,2.20912,2.960385,"group",0.751265,0.340074328239299
"mag",156,0.2504425,0.1703505,"group",-0.080092,-0.319801950547531
"decay",156,0.08316575,0.08084105,"group",-0.0023247,-0.027952612704148
"con",157,-0.5152315,-0.551684,"group",-0.0364525,-0.0707497503549375
"gain",157,4.542305,3.0081,"group",-1.534205,-0.337759133303466
"loss",157,2.404995,3.169855,"group",0.76486,0.318029767213653
"mag",157,0.1858745,0.176785,"group",-0.0090895,-0.0489012747848683
"decay",157,0.07403995,0.3479645,"group",0.27392455,3.69968577774566
"con",158,-2.736105,-0.0488649,"group",2.6872401,0.982140707319346
"gain",158,7.15052,4.955885,"group",-2.194635,-0.306919636613841
"loss",158,0.7902665,1.460145,"group",0.6698785,0.847661516716196
"mag",158,1.04908,0.163553,"group",-0.885527,-0.844098638807336
"decay",158,0.0714339,0.0948111,"group",0.0233772,0.327256386673554
"con",159,0.08943,0.00144994,"group",-0.08798006,-0.983786872414179
"gain",159,4.410665,4.08827,"group",-0.322395,-0.073094420002426
"loss",159,2.55425,2.623905,"group",0.069655,0.0272702358813742
"mag",159,0.1856285,0.1759355,"group",-0.00969300000000001,-0.0522171972514997
"decay",159,0.1912935,0.397525,"group",0.2062315,1.07808942802552
"con",160,0.4693705,0.187985,"group",-0.2813855,-0.599495494497417
"gain",160,2.200435,2.329685,"group",0.12925,0.0587383858191677
"loss",160,4.17021,4.37397,"group",0.20376,0.0488608487342364
"mag",160,0.2081175,0.237858,"group",0.0297405,0.142902446935025
"decay",160,0.221328,0.55106,"group",0.329732,1.48978891057616
"con",161,0.133224,0.190531,"group",0.057307,0.430155227286375
"gain",161,4.65755,4.03714,"group",-0.62041,-0.1332052259235
"loss",161,2.09527,2.697125,"group",0.601855,0.287244603320813
"mag",161,0.1994745,0.217724,"group",0.0182495,0.0914878844163038
"decay",161,0.1100955,0.128517,"group",0.0184215,0.167322915105522
"con",162,-0.1076495,1.006455,"group",1.1141045,10.3493699459821
"gain",162,5.352395,4.12393,"group",-1.228465,-0.229516879826694
"loss",162,3.742015,1.981115,"group",-1.7609,-0.470575345101503
"mag",162,0.219045,0.1869245,"group",-0.0321205,-0.146638818507613
"decay",162,0.1413195,0.148007,"group",0.00668750000000001,0.0473218487186836
"con",163,0.284255,0.4380975,"group",0.1538425,0.541212995373872
"gain",163,4.82254,4.442475,"group",-0.380065,-0.0788101291020915
"loss",163,1.548055,1.326215,"group",-0.22184,-0.143302402046439
"mag",163,0.1930685,0.1606135,"group",-0.032455,-0.168100958986059
"decay",163,0.106097,0.1040155,"group",-0.0020815,-0.0196188393639782
"con",164,0.0832946,0.4707425,"group",0.3874479,4.65153683432059
"gain",164,1.8192,1.92178,"group",0.10258,0.0563874230430959
"loss",164,5.59831,4.66399,"group",-0.93432,-0.16689322313341
"mag",164,0.23789,0.227754,"group",-0.010136,-0.0426079280339652
"decay",164,0.126536,0.1136445,"group",-0.0128915,-0.101880097363596
"con",165,-0.577902,0.112007,"group",0.689909,1.19381659866206
"gain",165,3.284485,2.62919,"group",-0.655295,-0.19951225230135
"loss",165,3.65907,3.882945,"group",0.223875,0.0611835794341185
"mag",165,0.2613615,0.220932,"group",-0.0404295,-0.154688047015341
"decay",165,0.384804,0.474048,"group",0.089244,0.231920666105342
"con",166,-0.8019095,-0.054976,"group",0.7469335,0.931443635472581
"gain",166,5.177715,3.642975,"group",-1.53474,-0.296412606719373
"loss",166,2.31594,3.293255,"group",0.977315,0.421994956691452
"mag",166,0.260146,0.1645195,"group",-0.0956265,-0.367587816072513
"decay",166,0.10171,0.220898,"group",0.119188,1.17184151017599
"con",167,0.339803,1.15969,"group",0.819887,2.41283037524683
"gain",167,3.763735,3.964475,"group",0.20074,0.0533353171782817
"loss",167,4.53721,3.16061,"group",-1.3766,-0.303402311111895
"mag",167,0.1453525,0.1543675,"group",0.009015,0.0620216370547462
"decay",167,0.1310045,0.1802045,"group",0.0492,0.375559618181055
"con",168,-0.461102,-0.07102395,"group",0.39007805,0.845969113124645
"gain",168,2.039875,1.79465,"group",-0.245225,-0.120215699491391
"loss",168,4.267285,4.712725,"group",0.44544,0.104384872348578
"mag",168,0.218023,0.1948225,"group",-0.0232005,-0.106413084858019
"decay",168,0.573417,0.481599,"group",-0.0918180000000001,-0.160124307441182
"con",169,-0.1784845,0.422149,"group",0.6006335,3.36518577243402
"gain",169,4.96238,3.98739,"group",-0.97499,-0.196476287587811
"loss",169,2.82226,2.73179,"group",-0.0904699999999998,-0.0320558701182739
"mag",169,0.219439,0.216344,"group",-0.00309499999999999,-0.0141041473940366
"decay",169,0.163284,0.312115,"group",0.148831,0.911485509909116
"con",170,-1.450515,-0.418958,"group",1.031557,0.711166034132705
"gain",170,1.638625,2.21,"group",0.571375,0.348691738500267
"loss",170,4.622985,4.078235,"group",-0.544750000000001,-0.11783512168004
"mag",170,0.209025,0.198512,"group",-0.010513,-0.0502954192082287
"decay",170,0.7142775,0.5864205,"group",-0.127857,-0.179001858521373
"con",171,-2.50381,-0.511803,"group",1.992007,0.795590320351784
"gain",171,6.05438,2.27141,"group",-3.78297,-0.62483193985181
"loss",171,2.882875,3.879395,"group",0.996519999999999,0.34566882018818
"mag",171,0.5200175,0.193233,"group",-0.3267845,-0.628410582336171
"decay",171,0.1661985,0.558111,"group",0.3919125,2.35809889980957
"con",172,-0.5850615,-1.344675,"group",-0.7596135,-1.29834812237688
"gain",172,3.20056,1.518135,"group",-1.682425,-0.525665820981328
"loss",172,3.47459,4.614345,"group",1.139755,0.328025752678733
"mag",172,0.218214,0.2021595,"group",-0.0160545,-0.0735722730897193
"decay",172,0.361632,0.542603,"group",0.180971,0.500428612512167
"con",173,-0.8720755,0.46725,"group",1.3393255,1.53579076582245
"gain",173,5.90998,5.230025,"group",-0.679955000000001,-0.115051996791867
"loss",173,1.174145,1.033755,"group",-0.14039,-0.119567855758871
"mag",173,0.3094845,0.153146,"group",-0.1563385,-0.505157770421459
"decay",173,0.04020625,0.0919835,"group",0.05177725,1.28779107725789
"con",174,-0.650114,0.4294355,"group",1.0795495,1.66055414896464
"gain",174,2.57494,3.84635,"group",1.27141,0.493762961467063
"loss",174,3.8036,2.614735,"group",-1.188865,-0.312563098117573
"mag",174,0.190696,0.1715295,"group",-0.0191665,-0.100508138608046
"decay",174,0.1589735,0.3783585,"group",0.219385,1.38000987585981
"con",175,-0.306349,0.2562225,"group",0.5625715,1.83637452709165
"gain",175,1.085035,0.813326,"group",-0.271709,-0.250414963572604
"loss",175,7.042075,6.09323,"group",-0.948845,-0.134739405643933
"mag",175,0.483138,0.357529,"group",-0.125609,-0.259985759762221
"decay",175,0.17582,0.1473295,"group",-0.0284905,-0.162043567284723
"con",176,-2.37154,-0.8541945,"group",1.5173455,0.639814424382469
"gain",176,3.14307,1.861655,"group",-1.281415,-0.407695342451807
"loss",176,4.68024,4.345815,"group",-0.334425,-0.0714546689913337
"mag",176,0.2816615,0.2079955,"group",-0.073666,-0.261540892170211
"decay",176,0.694502,0.624744,"group",-0.069758,-0.100443195267976
"con",177,0.4859425,0.7812095,"group",0.295267,0.607617156350803
"gain",177,3.67445,3.846795,"group",0.172345,0.0469036182285784
"loss",177,3.249745,2.918835,"group",-0.33091,-0.101826450998463
"mag",177,0.1753035,0.1745325,"group",-0.000771000000000022,-0.00439808674669942
"decay",177,0.210396,0.4628645,"group",0.2524685,1.19996815528812
"con",178,-0.1849775,0.6535,"group",0.8384775,4.53286210485059
"gain",178,5.03422,3.517215,"group",-1.517005,-0.301338638359071
"loss",178,4.32343,3.234455,"group",-1.088975,-0.251877560177914
"mag",178,0.1811965,0.1944655,"group",0.013269,0.0732298913058477
"decay",178,0.2361595,0.2640075,"group",0.027848,0.117920303862432
"con",179,-0.102053,0.201417,"group",0.30347,2.97365094607704
"gain",179,5.48356,4.486185,"group",-0.997375,-0.1818845786314
"loss",179,1.20711,1.64006,"group",0.43295,0.358666567255677
"mag",179,0.2330215,0.1759725,"group",-0.057049,-0.244822902607699
"decay",179,0.09735615,0.0546567,"group",-0.04269945,-0.43859016610661
"con",180,-0.07079795,0.3691085,"group",0.43990645,6.21354784990243
"gain",180,2.46513,2.509575,"group",0.0444449999999996,0.0180294751189591
"loss",180,4.86487,4.07411,"group",-0.79076,-0.162544939535897
"mag",180,0.2638635,0.2532105,"group",-0.010653,-0.0403731474796629
"decay",180,0.1849985,0.214114,"group",0.0291155,0.157382357154247
"con",181,-0.489765,-0.7248925,"group",-0.2351275,-0.480082284360867
"gain",181,2.18248,2.440325,"group",0.257845,0.118143121586452
"loss",181,3.47873,3.66464,"group",0.185910000000001,0.0534419170214419
"mag",181,0.195372,0.1878315,"group",-0.00754049999999998,-0.0385956022357348
"decay",181,0.427041,0.505937,"group",0.078896,0.184750410382141
"con",182,-0.3383045,0.1173555,"group",0.45566,1.34689310960983
"gain",182,2.296695,2.064375,"group",-0.23232,-0.101154049623481
"loss",182,4.78284,4.44446,"group",-0.338380000000001,-0.0707487601508729
"mag",182,0.3091105,0.1989575,"group",-0.110153,-0.356354766337604
"decay",182,0.1844455,0.3357645,"group",0.151319,0.820399521809966
"con",183,-1.34746,-0.06328075,"group",1.28417925,0.953037010375076
"gain",183,5.58377,3.078885,"group",-2.504885,-0.448601034784742
"loss",183,2.736225,3.544675,"group",0.80845,0.295461813264625
"mag",183,0.2256395,0.1844445,"group",-0.041195,-0.182569984422054
"decay",183,0.0795675,0.3507445,"group",0.271177,3.40813774468219
"con",184,-0.152001,0.591784,"group",0.743785,4.89329017572253
"gain",184,5.020385,4.799845,"group",-0.220539999999999,-0.0439289018670877
"loss",184,1.633895,1.243155,"group",-0.39074,-0.239146334372772
"mag",184,0.214191,0.159506,"group",-0.054685,-0.255309513471621
"decay",184,0.06817975,0.1098845,"group",0.04170475,0.611688221209377
"con",185,-0.1694775,-0.6586155,"group",-0.489138,-2.88615302916316
"gain",185,1.55842,1.988795,"group",0.430375,0.276161111895381
"loss",185,4.874185,4.507425,"group",-0.36676,-0.0752454000002052
"mag",185,0.215116,0.207493,"group",-0.00762300000000002,-0.0354366946205769
"decay",185,0.6675955,0.5647005,"group",-0.102895,-0.154127761496295
"con",186,-0.3980085,-0.0645203,"group",0.3334882,0.837892155569542
"gain",186,2.949965,2.53522,"group",-0.414745,-0.140593193478567
"loss",186,3.755555,4.241265,"group",0.48571,0.129331084220575
"mag",186,0.198091,0.2471795,"group",0.0490885,0.247807825696271
"decay",186,0.4377095,0.344055,"group",-0.0936545,-0.213964969917262
"con",187,-0.730454,0.0432312,"group",0.7736852,1.05918401432534
"gain",187,5.40616,2.68248,"group",-2.72368,-0.503810468058659
"loss",187,2.24957,4.39515,"group",2.14558,0.953773387803002
"mag",187,0.220254,0.224335,"group",0.004081,0.0185286078799931
"decay",187,0.2051645,0.662182,"group",0.4570175,2.22756617251035
"con",188,-0.398789,1.23852,"group",1.637309,4.10570251436223
"gain",188,5.463875,4.828785,"group",-0.63509,-0.116234357484386
"loss",188,1.69673,1.886945,"group",0.190215,0.112106817230791
"mag",188,0.3212475,0.218851,"group",-0.1023965,-0.318746449388711
"decay",188,0.3835745,0.6773975,"group",0.293823,0.766012860604654
"con",189,-3.07962,-1.062435,"group",2.017185,0.655011007851618
"gain",189,3.12287,1.716525,"group",-1.406345,-0.450337349937718
"loss",189,5.039465,4.47728,"group",-0.562184999999999,-0.111556484666527
"mag",189,0.3419765,0.199705,"group",-0.1422715,-0.416027124670847
"decay",189,0.5043815,0.5581105,"group",0.0537289999999999,0.106524525582322
"con",190,0.22146,0.5872605,"group",0.3658005,1.65176781360065
"gain",190,4.260975,3.32999,"group",-0.930985,-0.218491073052529
"loss",190,2.977965,3.2945,"group",0.316535,0.106292384228827
"mag",190,0.2425385,0.1807265,"group",-0.061812,-0.254854383943168
"decay",190,0.1285485,0.155222,"group",0.0266735,0.207497559286962
"con",191,0.213591,0.6390655,"group",0.4254745,1.99200574930592
"gain",191,5.10617,4.70358,"group",-0.40259,-0.0788438301114142
"loss",191,1.130315,1.56553,"group",0.435215,0.385038683906698
"mag",191,0.19071,0.15747,"group",-0.03324,-0.174296051596665
"decay",191,0.1092055,0.2041975,"group",0.094992,0.869846298950145
"con",192,-0.417285,0.2687435,"group",0.6860285,1.64402866146638
"gain",192,6.29832,4.02703,"group",-2.27129,-0.360618387125456
"loss",192,1.344095,2.98501,"group",1.640915,1.2208326048382
"mag",192,0.313284,0.1751135,"group",-0.1381705,-0.441039121053102
"decay",192,0.1064385,0.0595342,"group",-0.0469043,-0.440670434100443
"con",193,-0.2919805,0.00934565,"group",0.30132615,1.03200778819133
"gain",193,5.139975,3.621135,"group",-1.51884,-0.295495600659536
"loss",193,1.745675,2.692375,"group",0.9467,0.542311713234136
"mag",193,0.2275675,0.1750555,"group",-0.052512,-0.230753512694036
"decay",193,0.168495,0.185831,"group",0.017336,0.102887326033413
"con",194,-0.792883,0.5051015,"group",1.2979845,1.63704417927992
"gain",194,5.94746,3.51267,"group",-2.43479,-0.409383165250376
"loss",194,2.25338,3.453095,"group",1.199715,0.532406873230436
"mag",194,0.399078,0.182436,"group",-0.216642,-0.542856283734007
"decay",194,0.283536,0.253096,"group",-0.03044,-0.10735850121325
"con",195,0.356941,0.419915,"group",0.0629740000000001,0.176426916493202
"gain",195,4.1455,3.864175,"group",-0.281325,-0.0678627427330841
"loss",195,1.47101,2.22109,"group",0.75008,0.509908158340188
"mag",195,0.1866455,0.1896835,"group",0.00303799999999999,0.0162768456780366
"decay",195,0.114003,0.246668,"group",0.132665,1.16369744655842
"con",196,-0.907128,0.303427,"group",1.210555,1.33449193498602
"gain",196,6.81783,5.196925,"group",-1.620905,-0.237745000975384
"loss",196,0.9212875,1.15602,"group",0.2347325,0.254787457769697
"mag",196,0.3971595,0.163595,"group",-0.2335645,-0.588087405689654
"decay",196,0.167225,0.140929,"group",-0.026296,-0.157249215129317
"con",197,-0.06675245,0.2585025,"group",0.32525495,4.87255449050934
"gain",197,3.584145,2.86652,"group",-0.717625,-0.200222089229091
"loss",197,3.748815,3.73939,"group",-0.00942499999999979,-0.00251412779771736
"mag",197,0.2089855,0.1766655,"group",-0.03232,-0.154651877761854
"decay",197,0.103549,0.09865095,"group",-0.00489805000000001,-0.0473017605191746
"con",198,-0.3729785,-0.4778315,"group",-0.104853,-0.28112344277217
"gain",198,5.552605,1.90454,"group",-3.648065,-0.657000633036205
"loss",198,1.68698,4.491695,"group",2.804715,1.66256564985951
"mag",198,0.199694,0.191604,"group",-0.00808999999999999,-0.0405119833345017
"decay",198,0.40047,0.3102925,"group",-0.0901775,-0.225179164481734
"con",199,-1.025775,-0.2050125,"group",0.8207625,0.800138919353659
"gain",199,3.34904,2.127095,"group",-1.221945,-0.364864259608724
"loss",199,3.567395,4.271475,"group",0.70408,0.197365304374761
"mag",199,0.2260535,0.2197675,"group",-0.00628600000000001,-0.0278075765250262
"decay",199,0.3580375,0.528354,"group",0.1703165,0.475694585064414
"con",200,-0.293424,0.530234,"group",0.823658,2.80705736408746
"gain",200,5.484995,3.81228,"group",-1.672715,-0.304961991761159
"loss",200,2.932225,2.798665,"group",-0.13356,-0.0455490284681428
"mag",200,0.2188195,0.219087,"group",0.000267500000000004,0.00122246874707238
"decay",200,0.2487215,0.215764,"group",-0.0329575,-0.132507644091886
